perfomer_id,concert_id,,
1,1,,
2,2,,
3,3,,
4,4,,
5,5,,
6,6,,
7,7,,
8,8,,
9,9,,
10,10,,
11,11,,
12,12,,
13,13,,
14,14,,
15,15,,
16,16,,
17,17,,
18,18,,
19,19,,
20,20,,
21,21,,
22,22,,
23,23,,
24,24,,
25,25,,
26,26,,
27,27,,
28,28,,
29,29,,
30,30,,
31,31,,
32,32,,
33,33,,
34,34,,
35,35,,
36,36,,
37,37,,
38,38,,
39,39,,
40,40,,
41,40,,
42,40,,
43,40,,
44,41,,
45,41,,
46,41,,
47,41,,
48,42,,
49,42,,
50,42,,
51,42,,
52,43,,
53,43,,
54,44,,
55,44,,
56,45,,
57,45,,
58,45,,
59,45,,
60,46,,
61,46,,
62,46,,
63,47,,
64,47,,
65,47,,
66,48,,
67,48,,
68,48,,
69,48,,
70,49,,
71,49,,
72,49,,
73,49,,
74,50,,
75,50,,
76,50,,
77,50,,
78,51,,
79,51,,
80,51,,
81,52,,
82,52,,
83,53,,
84,53,,
85,53,,
86,53,,
